{"count":1,"gauges":{"DroneBehaviour.CumulativeReward":{"count":4,"max":-0.26902163,"min":-5.067236,"value":-0.26902163,"weightedAverage":-2.988976}},"self":13.373896799999999,"total":13.44076,"children":{"AgentSendState":{"count":662,"self":0.011767999999999999,"total":0.015828,"children":{"CollectObservations":{"count":166,"self":0.0033339999999999997,"total":0.0033339999999999997,"children":null},"CollectDiscreteActionMasks":{"count":166,"self":0.000726,"total":0.000726,"children":null}}},"DecideAction":{"count":662,"self":0.0033829999999999997,"total":0.0033829999999999997,"children":null},"AgentAct":{"count":662,"self":0.046751,"total":0.046751,"children":null}}}